
INSERT INTO people (
    national_id,
    full_name,
    role,
    password_hash
)
VALUES
    ('2022', N'السيد منسى', 'board of directores', '122026'),
    ('2023', N'حنين الرحمانى', 'leader fixed committee', '122026'),
    ('2024', N'ملك الركايبى','leader unfixed committee ', '122026');


INSERT INTO committee (
    name,
    [type],
    pe_national_id
)
VALUES
    ('fixed committee', 'fixed', '2023'),
    ('unfixed committee', 'unfixed', '2024');




INSERT INTO dbo.projects (
    name_project,
    nam_committee
)
VALUES
    (N'صحة',               'fixed committee'),
    (N'غارمات',            'fixed committee'),
    (N'عرايس',             'fixed committee'),
    (N'تعليم',             'fixed committee'),
    (N'اطعام',             'fixed committee'),
    (N'انسان',             'fixed committee'),
    (N'الصفتى',            'unfixed committee'),
    (N'الزهور',            'unfixed committee'),
    (N'كفرمليط',           'unfixed committee'),
    (N'شارع الثورة',       'unfixed committee'),
    (N'شارع احمد ماهر',    'unfixed committee'),
    (N'المنشية',           'unfixed committee'),
    (N'العطف',             'unfixed committee'),
    (N'شارع البحر',        'unfixed committee'),
    (N'القطعة',            'unfixed committee'),
    (N'خارج المحمودية',    'unfixed committee');



INSERT INTO dbo.work_on (national_id, name_project)
VALUES
   
    ('2023', N'صحة'),
    ('2023', N'غارمات'),
    ('2023', N'عرايس'),
    ('2023', N'تعليم'),
    ('2023', N'اطعام'),
    ('2023', N'انسان'),

   
    ('2024', N'الصفتى'),
    ('2024', N'الزهور'),
    ('2024', N'كفرمليط'),
    ('2024', N'شارع الثورة'),
    ('2024', N'شارع احمد ماهر'),
    ('2024', N'المنشية'),
    ('2024', N'العطف'),
    ('2024', N'شارع البحر'),
    ('2024', N'القطعة'),
    ('2024', N'خارج المحمودية');


INSERT INTO beneficiaries (
    national_id, full_name, age, job, phone, region, street, income, type_of_housing, status, level
)
VALUES
('29801000000001', N'محمد علي عبدالسلام', 34, N'عامل يومية', '01010000001', N'الزهور', NULL, 1800, N'ايجار', N'أعزب', N'red'),
('29801000000002', N'أحمد سعيد عبدالمجيد', 41, N'سائق توك توك', '01010000002', N'الصفتى', NULL, 2200, N'تمليك', N'متزوج', N'yellow'),
('29801000000003', N'سعيد حسن مراد', 29, N'بائع متجول', '01010000003', N'المنشية', NULL, 1600, N'ايجار', N'أعزب', N'red'),
('29801000000004', N'ياسر محمود عبدالعاطي', 38, N'فلاح', '01010000004', N'شارع الثورة', N'شارع الثورة', 2000, N'تمليك', N'متزوج', N'green'),
('29801000000005', N'مصطفى محمد صبحي', 33, N'عامل بناء', '01010000005', N'شارع احمد ماهر', N'شارع احمد ماهر', 1900, N'ايجار', N'أعزب', N'yellow'),
('29801000000006', N'رمضان عبدالوهاب سليم', 45, N'صياد', '01010000006', N'القطعة', NULL, 1700, N'تمليك', N'متزوج', N'green'),
('29801000000007', N'حسن فتحي عبدالمقصود', 27, N'خياط', '01010000007', N'كفر مليط', NULL, 1500, N'ايجار', N'أعزب', N'red'),
('29801000000008', N'محمود زكريا ابراهيم', 36, N'حداد مساعد', '01010000008', N'العطف', NULL, 2100, N'ايجار', N'متزوج', N'yellow'),
('29801000000009', N'إبراهيم محمد شكري', 31, N'عامل مخبز', '01010000009', N'شارع البحر', N'شارع البحر', 1800, N'ايجار', N'أعزب', N'green'),
('29801000000010', N'خالد حسين عبدالرحيم', 39, N'سائق نقل خفيف', '01010000010', N'خارج المحمودية', NULL, 2300, N'تمليك', N'متزوج', N'yellow'),
('29801000000011', N'عبدالله رأفت سالم', 28, N'منظف', '01010000011', N'الزهور', NULL, 1400, N'ايجار', N'أعزب', N'red'),
('29801000000012', N'عبدالرحمن طارق صابر', 42, N'فلاح', '01010000012', N'الصفتى', NULL, 2000, N'تمليك', N'متزوج', N'green'),
('29801000000013', N'جمال أشرف بدوي', 30, N'بائع متجول', '01010000013', N'المنشية', NULL, 1600, N'ايجار', N'أعزب', N'yellow'),
('29801000000014', N'طارق محمد جابر', 37, N'عامل بناء', '01010000014', N'شارع الثورة', N'شارع الثورة', 1900, N'ايجار', N'متزوج', N'red'),
('29801000000015', N'صابر عبدالمعطي محمد', 46, N'عتال', '01010000015', N'شارع احمد ماهر', N'شارع احمد ماهر', 1700, N'ايجار', N'متزوج', N'green'),
('29801000000016', N'رأفت فوزي صادق', 35, N'سائق توك توك', '01010000016', N'القطعة', NULL, 2100, N'ايجار', N'متزوج', N'yellow'),
('29801000000017', N'مصطفى شوقي حمدي', 32, N'عامل يومية', '01010000017', N'كفر مليط', NULL, 1700, N'ايجار', N'أعزب', N'red'),
('29801000000018', N'نور الدين حسن علي', 40, N'حداد مساعد', '01010000018', N'العطف', NULL, 2200, N'تمليك', N'متزوج', N'green'),
('29801000000019', N'إسلام محمود نصار', 26, N'خياط', '01010000019', N'شارع البحر', N'شارع البحر', 1500, N'ايجار', N'أعزب', N'yellow'),
('29801000000020', N'محمود عبدالعزيز خطاب', 43, N'صياد', '01010000020', N'خارج المحمودية', NULL, 1900, N'تمليك', N'متزوج', N'red'),
('29801000000021', N'أمير سيد شحاته', 29, N'عامل مخبز', '01010000021', N'الزهور', NULL, 1750, N'ايجار', N'أعزب', N'green'),
('29801000000022', N'حمدي محمد سرور', 47, N'فلاح', '01010000022', N'الصفتى', NULL, 2000, N'تمليك', N'متزوج', N'yellow'),
('29801000000023', N'سامي عبدالسلام خطاب', 33, N'سائق توك توك', '01010000023', N'المنشية', NULL, 2100, N'ايجار', N'أعزب', N'red'),
('29801000000024', N'عمر ماهر حسين', 38, N'عامل بناء', '01010000024', N'شارع الثورة', N'شارع الثورة', 1950, N'ايجار', N'متزوج', N'green'),
('29801000000025', N'حسن عبدالمقصود عبدربه', 31, N'بائع متجول', '01010000025', N'شارع احمد ماهر', N'شارع احمد ماهر', 1600, N'ايجار', N'أعزب', N'yellow'),
('29801000000026', N'محمود كامل السيد', 44, N'سائق نقل خفيف', '01010000026', N'القطعة', NULL, 2300, N'تمليك', N'متزوج', N'green'),
('29801000000027', N'علاء الدين عبدالرحمن', 27, N'منظف', '01010000027', N'كفر مليط', NULL, 1400, N'ايجار', N'أعزب', N'red'),
('29801000000028', N'مروان يحيي لطفي', 36, N'فلاح', '01010000028', N'العطف', NULL, 2000, N'تمليك', N'متزوج', N'yellow'),
('29801000000029', N'عمرو حاتم محمد', 28, N'عامل يومية', '01010000029', N'شارع البحر', N'شارع البحر', 1700, N'ايجار', N'أعزب', N'green'),
('29801000000030', N'سعيد عبدالوهاب عبدالسلام', 48, N'عتال', '01010000030', N'خارج المحمودية', NULL, 1800, N'تمليك', N'متزوج', N'red'),
('29801000000031', N'عبدالمجيد أحمد رزق', 34, N'خياط', '01010000031', N'الزهور', NULL, 1600, N'ايجار', N'مطلق', N'yellow'),
('29801000000032', N'فتحي رمضان عبدالعزيز', 39, N'حداد مساعد', '01010000032', N'الصفتى', NULL, 2100, N'تمليك', N'متزوج', N'green'),
('29801000000033', N'حسام عبدالفتاح محمود', 30, N'عامل مخبز', '01010000033', N'المنشية', NULL, 1750, N'ايجار', N'أعزب', N'red'),
('29801000000034', N'مصطفى زينهم شوقي', 37, N'سائق توك توك', '01010000034', N'شارع الثورة', N'شارع الثورة', 2050, N'ايجار', N'متزوج', N'green'),
('29801000000035', N'محمود صابر حماد', 26, N'بائع متجول', '01010000035', N'شارع احمد ماهر', N'شارع احمد ماهر', 1500, N'ايجار', N'أعزب', N'yellow'),
('29801000000036', N'محسن عبدالعظيم غريب', 45, N'سائق نقل خفيف', '01010000036', N'القطعة', NULL, 2300, N'تمليك', N'متزوج', N'red'),
('29801000000037', N'أشرف محمد فوزي', 33, N'عامل بناء', '01010000037', N'كفر مليط', NULL, 1900, N'ايجار', N'مطلق', N'green'),
('29801000000038', N'مهاب طه منصور', 29, N'منظف', '01010000038', N'العطف', NULL, 1400, N'ايجار', N'أعزب', N'red'),
('29801000000039', N'هيثم خالد صقر', 41, N'فلاح', '01010000039', N'شارع البحر', N'شارع البحر', 2000, N'تمليك', N'متزوج', N'yellow'),
('29801000000040', N'خليل محمد عيسى', 35, N'عامل يومية', '01010000040', N'خارج المحمودية', NULL, 1700, N'ايجار', N'مطلق', N'green'),
('29801000000041', N'حسام الدين محمد رجب', 32, N'عتال', '01010000041', N'الزهور', NULL, 1800, N'ايجار', N'أعزب', N'red'),
('29801000000042', N'هيثم سامي عبدالستار', 38, N'حداد مساعد', '01010000042', N'الصفتى', NULL, 2150, N'تمليك', N'متزوج', N'green'),
('29801000000043', N'مؤمن خالد بدير', 27, N'خياط', '01010000043', N'المنشية', NULL, 1550, N'ايجار', N'أعزب', N'yellow'),
('29801000000044', N'محمد طارق شحاته', 36, N'عامل مخبز', '01010000044', N'شارع الثورة', N'شارع الثورة', 1750, N'ايجار', N'متزوج', N'red'),
('29801000000045', N'علي عبدالناصر عبدالعزيز', 44, N'صياد', '01010000045', N'شارع احمد ماهر', N'شارع احمد ماهر', 1850, N'تمليك', N'متزوج', N'green'),
('29801000000046', N'حمدي لطفي مسعود', 31, N'سائق توك توك', '01010000046', N'القطعة', NULL, 2050, N'ايجار', N'أعزب', N'yellow'),
('29801000000047', N'ناجح عبدالرحيم يوسف', 28, N'عامل بناء', '01010000047', N'كفر مليط', NULL, 1900, N'ايجار', N'أعزب', N'green'),
('29801000000048', N'محمود مجدي راضي', 40, N'سائق نقل خفيف', '01010000048', N'العطف', NULL, 2300, N'تمليك', N'متزوج', N'red'),
('29801000000049', N'إسلام حسين محمد', 34, N'بائع متجول', '01010000049', N'شارع البحر', N'شارع البحر', 1600, N'ايجار', N'مطلق', N'yellow'),
('29801000000050', N'كمال محمد عبدربه', 37, N'عامل يومية', '01010000050', N'خارج المحمودية', NULL, 1700, N'ايجار', N'متزوج', N'green');




INSERT INTO help (
    national_id, name_project, name, Examination_Type, Medications, 
    Medical_Analysis, Surgery, X_Ray, Foundation_Lessons, 
    Teachers_Names, School_Fees, School_Books, Debt_Reason, 
    Debt_Value, Official_Documents, Wedding_Date, 
    Needs_Requirements, Marriage_Contract, Clothing_Aid, 
    Home_Needs, Project_Type, Ready_Meals_Count, Unready_Meals_Count
) 
VALUES 
(N'29801000000001', N'الزهور', N'محمد إبراهيم حسن', N'مستشفى التخصصي', N'كشف عيون', N'قطرات مضاد حيوي', N'مقاس نظارة', N'مياه بيضاء', N'أشعة مقطعية', N'أ/ ياسر صبحي', N'1200 جنيه', N'كتب الوزارة', NULL, NULL, NULL, NULL, NULL, NULL, N'طقم شتوي', NULL, NULL, N'2 وجبة', N'1 وجبة'),
(N'29801000000002', N'الصفتى', N'سعاد محمود علي', NULL, NULL, NULL, NULL, NULL, NULL, NULL, NULL, NULL, N'تراكم إيجار متأخر', N'4500 جنيه', N'إنذار طرد', NULL, NULL, NULL, NULL, NULL, N'تربية دواجن', N'5 وجبات', N'0'),
(N'29801000000003', N'المنشية', N'فاطمة الزهراء كمال', NULL, NULL, NULL, NULL, NULL, NULL, NULL, NULL, NULL, NULL, NULL, N'قائمة المنقولات', N'15 يوليو 2025', N'بوتاجاز و غسالة', N'تم كتب الكتاب', N'مفروشات كاملة', N'أدوات مائدة', NULL, N'0', N'10 وجبات'),
(N'29801000000004', N'شارع الثورة', N'ياسين أشرف نبيل', NULL, NULL, NULL, NULL, NULL, N'تقوية رياضيات', N'أ/ منى إبراهيم', N'منحة دراسية', N'ملخصات خارجية', NULL, NULL, NULL, NULL, NULL, NULL, N'زي مدرسي', NULL, N'كشك بقالة', N'3 وجبات', N'2 وجبة'),
(N'29801000000005', N'شارع احمد ماهر', N'زينب عبد التواب', N'مستوصف الخير', N'متابعة سكر', N'أنسولين وقلم حقن', N'تحليل تراكمي', NULL, NULL, NULL, NULL, NULL, N'دين صيدلية', N'850 جنيه', N'دفتر مديونية', NULL, N'مرتبة وسرير', NULL, N'بطاطين لحاف', N'ثلاجة مستعملة', NULL, N'6 وجبات', N'4 وجبات'),


(N'29801000000006', N'القطعة', N'كريمة سيد أحمد', N'مستشفى اليوم الواحد', N'مسكنات وفيتامينات', N'تحليل يوريك أسيد', N'تثبيت شريحة وقدم', N'أشعة إكس', N'محو أمية', N'أ/ هدى محمود', N'300 جنيه', N'كتب المدرسة', N'قرض بنكي', N'12000 جنيه', N'إيصال سداد', N'20 أغسطس 2025', N'غسالة نصف أوتوماتيك', N'تم توثيق العقد', N'كسوة صيف', N'مروحة ومرتبة', N'مشروع منظفات', N'12 وجبة', N'8 وجبات'),
(N'29801000000007', N'كفرمليط', N'حسن عبد الراضي مرسي', N'مركز الشفاء', N'كونكور و ايسبرين', N'رسم قلب', N'قسطرة ودعامة', N'أشعة صبغة', N'إنجليزي', N'أ/ عصام مراد', N'مصاريف ثانوي', N'ملازم دروس', N'تجهيز ابنة', N'15500 جنيه', N'فواتير مشتريات', N'1 سبتمبر 2025', N'بوتاجاز يونيفرسال', N'انتظار الشبكة', N'بدلة رجالي', N'سجاد وستائر', N'كشك سجائر', N'15 وجبة', N'10 وجبات'),
(N'29801000000008', N'العطف', N'دعاء رمضان توفيق', N'مستشفى الدمرداش', N'بخاخات وكورتيزون', N'تحليل حساسية', N'عملية لحمية', N'أشعة جيوب أنفية', N'تأسيس عربي', N'أ/ مريم علي', N'مصاريف حضانة', N'قصص تلوين', N'ديون تجهيز', N'22000 جنيه', N'كمبيالات', N'10 أكتوبر 2025', N'ثلاجة 14 قدم', N'تم كتب الكتاب', N'عبايات استقبال', N'أدوات مطبخ', N'مشروع خياطة', N'7 وجبات', N'5 وجبات'),
(N'29801000000009', N'شارع البحر', N'منصور عبد الله جودة', N'معهد الأورام', N'جرعات كيماوي', N'وظائف كبد وكلى', N'استئصال ورم', N'مسح ذري', N'رياضيات', N'أ/ صابرين فتحي', N'مصاريف جامعة', N'كتب خارجية', N'عملية جراحية', N'8000 جنيه', N'تقارير مختومة', N'ديسمبر 2025', N'سخان غاز', N'خطوبة قائمة', N'بلوفرات وجواكت', N'سرير دورين', N'تربية أرانب', N'20 وجبة', N'15 وجبة'),
(N'29801000000010', N'خارج المحمودية', N'صباح عبد العزيز محمود', N'عيادة الحي', N'فيتامينات ومقويات', N'تحليل سكر حمل', N'ولادة قيصرية', N'أشعة سونار', N'تحفيظ قرآن', N'الشيخ أحمد كمال', N'أتوبيس مدرسة', N'شنطة مدرسة', N'مخالفات غاز', N'3500 جنيه', N'محضر تصالح', N'مايو 2025', N'خلاط ومكواة', N'تم العقد', N'أطقم خروج', N'دولاب ملابس', N'بيع خضروات', N'10 وجبات', N'6 وجبات');

    update people
    set user_name ='leader '
    where national_id=2022;
      update people
    set user_name ='leader '
    where national_id=2023;
      update people
    set user_name ='leader '
    where national_id=2024;